<?xml version="1.0" encoding="utf-8" standalone="yes"?>
<rss version="2.0" xmlns:atom="http://www.w3.org/2005/Atom">
  <channel>
    <title>Posts on My New Hugo Site</title>
    
    
    
    <link>http://example.org/posts/</link>
    <description>Recent content in Posts on My New Hugo Site</description>
    <generator>Hugo -- gohugo.io</generator>
    <language>en-us</language>
    <lastBuildDate>Wed, 23 Mar 2022 12:55:31 +0000</lastBuildDate>
    
	<atom:link href="http://example.org/posts/index.xml" rel="self" type="application/rss+xml" />
    
    
    <item>
      <title>My First Post</title>
      <link>http://example.org/posts/my-first-post/</link>
      <pubDate>Wed, 23 Mar 2022 12:55:31 +0000</pubDate>
      
      <guid>http://example.org/posts/my-first-post/</guid>
      <description>
        
          
          
          
        
        
        
          
          
        
        </description>
    </item>
    
  </channel>
</rss>